{"files":["astro-demo.local_wpvivid-14766526cd3e5_2025-12-18-15-34_backup_db.sql"],"tables":[{"name":"wp_links","size":32768,"rows":"0"},{"name":"wp_term_relationships","size":32768,"rows":"0"},{"name":"wp_commentmeta","size":49152,"rows":"0"},{"name":"wp_postmeta","size":49152,"rows":"20"},{"name":"wp_term_taxonomy","size":49152,"rows":"0"},{"name":"wp_termmeta","size":49152,"rows":"0"},{"name":"wp_terms","size":49152,"rows":"0"},{"name":"wp_usermeta","size":49152,"rows":"18"},{"name":"wp_users","size":65536,"rows":"0"},{"name":"wp_comments","size":98304,"rows":"0"},{"name":"wp_posts","size":245760,"rows":"65"},{"name":"wp_options","size":2162688,"rows":"190"}],"dump_db":1,"file_type":"databases","home_url":"https:\/\/astro-demo.local","root_flag":"custom","php_version":"8.2.27","mysql_version":"8.0.35","wp_version":"6.9","find_zero_date":1,"file":"astro-demo.local_wpvivid-14766526cd3e5_2025-12-18-15-34_backup_db.part001.zip"}