{"has_child":1,"home_url":"https:\/\/astro-demo.local","root_flag":"custom","php_version":"8.2.27","mysql_version":"8.0.35","wp_version":"6.8.3","child_file":{"astro-demo.local_wpvivid-b8effda9bbdbe_2025-11-28-15-26_backup_db.zip":{"files":["astro-demo.local_wpvivid-b8effda9bbdbe_2025-11-28-15-26_backup_db.sql"],"tables":[{"name":"wp_links","size":32768,"rows":"0"},{"name":"wp_term_relationships","size":32768,"rows":"0"},{"name":"wp_commentmeta","size":49152,"rows":"0"},{"name":"wp_postmeta","size":49152,"rows":"13"},{"name":"wp_term_taxonomy","size":49152,"rows":"0"},{"name":"wp_termmeta","size":49152,"rows":"0"},{"name":"wp_terms","size":49152,"rows":"0"},{"name":"wp_usermeta","size":49152,"rows":"18"},{"name":"wp_users","size":65536,"rows":"0"},{"name":"wp_posts","size":81920,"rows":"22"},{"name":"wp_comments","size":98304,"rows":"0"},{"name":"wp_options","size":1572864,"rows":"185"}],"dump_db":1,"file_type":"databases","home_url":"https:\/\/astro-demo.local","root_flag":"custom","php_version":"8.2.27","mysql_version":"8.0.35","wp_version":"6.8.3","find_zero_date":1,"file":"astro-demo.local_wpvivid-b8effda9bbdbe_2025-11-28-15-26_backup_db.part001.zip"},"astro-demo.local_wpvivid-b8effda9bbdbe_2025-11-28-15-26_backup_themes.zip":{"file_type":"themes","root_flag":"wp-content","php_version":"8.2.27","mysql_version":"8.0.35","wp_version":"6.8.3","themes":{"twentytwentyfive":{"slug":"twentytwentyfive"},"twentytwentyfour":{"slug":"twentytwentyfour"},"twentytwentythree":{"slug":"twentytwentythree"},"twentytwentytwo":{"slug":"twentytwentytwo"}},"file":"astro-demo.local_wpvivid-b8effda9bbdbe_2025-11-28-15-26_backup_themes.part001.zip"},"astro-demo.local_wpvivid-b8effda9bbdbe_2025-11-28-15-26_backup_plugin.zip":{"file_type":"plugin","root_flag":"wp-content","php_version":"8.2.27","mysql_version":"8.0.35","wp_version":"6.8.3","plugin":{"jwt-authentication-for-wp-rest-api":{"slug":"jwt-authentication-for-wp-rest-api"},"wp-graphql":{"slug":"wp-graphql"},"wpgraphql-blocks":{"slug":"wpgraphql-blocks"},"wpgraphql-ide":{"slug":"wpgraphql-ide"}},"file":"astro-demo.local_wpvivid-b8effda9bbdbe_2025-11-28-15-26_backup_plugin.part001.zip"},"astro-demo.local_wpvivid-b8effda9bbdbe_2025-11-28-15-26_backup_content.zip":{"file_type":"wp-content","root_flag":"wp-content","php_version":"8.2.27","mysql_version":"8.0.35","wp_version":"6.8.3","file":"astro-demo.local_wpvivid-b8effda9bbdbe_2025-11-28-15-26_backup_content.part001.zip"},"astro-demo.local_wpvivid-b8effda9bbdbe_2025-11-28-15-26_backup_core.zip":{"file_type":"wp-core","include_path":["wp-includes","wp-admin"],"wp_core":1,"root_flag":"root","home_url":"https:\/\/astro-demo.local","file":"astro-demo.local_wpvivid-b8effda9bbdbe_2025-11-28-15-26_backup_core.part001.zip"}},"file":"astro-demo.local_wpvivid-b8effda9bbdbe_2025-11-28-15-26_backup_all.part001.zip"}